transition_id,transition_code,timestamp,transition_excel_filename,transition_excel_filepath,source_filename,source_file_path,last_modify_dt,source_id,major_trans_timestamp,first_sent_to_second_state
0,COMMERCIAL-TO-ANOTHER COMMERCIAL,00:00:17.000000,transition_superbowl_2024.xlsx,C:\Users\bbfor\OneDrive\code\detect_commercials\input_excel_files\,c_audio_superbowl_2024.txt,C:\Users\bbfor\OneDrive\code\detect_commercials\input_files\,2024-03-12 08:00:00.000000,3,,
1,COMMERCIAL-TO-SPORTS_BROADCASTING,00:00:48.000000,transition_superbowl_2024.xlsx,C:\Users\bbfor\OneDrive\code\detect_commercials\input_excel_files\,c_audio_superbowl_2024.txt,C:\Users\bbfor\OneDrive\code\detect_commercials\input_files\,2024-03-12 08:00:00.000000,3,00:00:48.000000,2
2,SPORTS_BROADCASTING-TO-COMMERCIAL,00:04:31.000000,transition_superbowl_2024.xlsx,C:\Users\bbfor\OneDrive\code\detect_commercials\input_excel_files\,c_audio_superbowl_2024.txt,C:\Users\bbfor\OneDrive\code\detect_commercials\input_files\,2024-03-12 08:00:00.000000,3,00:04:31.000000,1
3,COMMERCIAL-TO-ANOTHER COMMERCIAL,00:04:58.000000,transition_superbowl_2024.xlsx,C:\Users\bbfor\OneDrive\code\detect_commercials\input_excel_files\,c_audio_superbowl_2024.txt,C:\Users\bbfor\OneDrive\code\detect_commercials\input_files\,2024-03-12 08:00:00.000000,3,,
4,COMMERCIAL-TO-ANOTHER COMMERCIAL,00:05:59.000000,transition_superbowl_2024.xlsx,C:\Users\bbfor\OneDrive\code\detect_commercials\input_excel_files\,c_audio_superbowl_2024.txt,C:\Users\bbfor\OneDrive\code\detect_commercials\input_files\,2024-03-12 08:00:00.000000,3,,
5,COMMERCIAL-TO-SPORTS_BROADCASTING,00:07:01.000000,transition_superbowl_2024.xlsx,C:\Users\bbfor\OneDrive\code\detect_commercials\input_excel_files\,c_audio_superbowl_2024.txt,C:\Users\bbfor\OneDrive\code\detect_commercials\input_files\,2024-03-12 08:00:00.000000,3,00:07:01.000000,1
6,SPORTS_BROADCASTING-TO-COMMERCIAL,00:13:06.000000,transition_superbowl_2024.xlsx,C:\Users\bbfor\OneDrive\code\detect_commercials\input_excel_files\,c_audio_superbowl_2024.txt,C:\Users\bbfor\OneDrive\code\detect_commercials\input_files\,2024-03-12 08:00:00.000000,3,00:13:06.000000,1
7,COMMERCIAL-TO-ANOTHER COMMERCIAL,00:14:06.000000,transition_superbowl_2024.xlsx,C:\Users\bbfor\OneDrive\code\detect_commercials\input_excel_files\,c_audio_superbowl_2024.txt,C:\Users\bbfor\OneDrive\code\detect_commercials\input_files\,2024-03-12 08:00:00.000000,3,,
8,COMMERCIAL-TO-ANOTHER COMMERCIAL,00:14:37.000000,transition_superbowl_2024.xlsx,C:\Users\bbfor\OneDrive\code\detect_commercials\input_excel_files\,c_audio_superbowl_2024.txt,C:\Users\bbfor\OneDrive\code\detect_commercials\input_files\,2024-03-12 08:00:00.000000,3,,
9,COMMERCIAL-TO-ANOTHER COMMERCIAL,00:15:07.000000,transition_superbowl_2024.xlsx,C:\Users\bbfor\OneDrive\code\detect_commercials\input_excel_files\,c_audio_superbowl_2024.txt,C:\Users\bbfor\OneDrive\code\detect_commercials\input_files\,2024-03-12 08:00:00.000000,3,,
10,COMMERCIAL-TO-SPORTS_BROADCASTING,00:15:39.000000,transition_superbowl_2024.xlsx,C:\Users\bbfor\OneDrive\code\detect_commercials\input_excel_files\,c_audio_superbowl_2024.txt,C:\Users\bbfor\OneDrive\code\detect_commercials\input_files\,2024-03-12 08:00:00.000000,3,00:15:39.000000,3
11,SPORTS_BROADCASTING-TO-COMMERCIAL,00:18:31.000000,transition_superbowl_2024.xlsx,C:\Users\bbfor\OneDrive\code\detect_commercials\input_excel_files\,c_audio_superbowl_2024.txt,C:\Users\bbfor\OneDrive\code\detect_commercials\input_files\,2024-03-12 08:00:00.000000,3,00:18:31.000000,1
12,COMMERCIAL-TO-ANOTHER COMMERCIAL,00:19:02.000000,transition_superbowl_2024.xlsx,C:\Users\bbfor\OneDrive\code\detect_commercials\input_excel_files\,c_audio_superbowl_2024.txt,C:\Users\bbfor\OneDrive\code\detect_commercials\input_files\,2024-03-12 08:00:00.000000,3,,
13,COMMERCIAL-TO-ANOTHER COMMERCIAL,00:19:32.000000,transition_superbowl_2024.xlsx,C:\Users\bbfor\OneDrive\code\detect_commercials\input_excel_files\,c_audio_superbowl_2024.txt,C:\Users\bbfor\OneDrive\code\detect_commercials\input_files\,2024-03-12 08:00:00.000000,3,,
14,COMMERCIAL-TO-ANOTHER COMMERCIAL,00:20:32.000000,transition_superbowl_2024.xlsx,C:\Users\bbfor\OneDrive\code\detect_commercials\input_excel_files\,c_audio_superbowl_2024.txt,C:\Users\bbfor\OneDrive\code\detect_commercials\input_files\,2024-03-12 08:00:00.000000,3,,
15,COMMERCIAL-TO-SPORTS_BROADCASTING,00:20:43.000000,transition_superbowl_2024.xlsx,C:\Users\bbfor\OneDrive\code\detect_commercials\input_excel_files\,c_audio_superbowl_2024.txt,C:\Users\bbfor\OneDrive\code\detect_commercials\input_files\,2024-03-12 08:00:00.000000,3,00:20:43.000000,2
16,SPORTS_BROADCASTING-TO-COMMERCIAL,00:27:28.000000,transition_superbowl_2024.xlsx,C:\Users\bbfor\OneDrive\code\detect_commercials\input_excel_files\,c_audio_superbowl_2024.txt,C:\Users\bbfor\OneDrive\code\detect_commercials\input_files\,2024-03-12 08:00:00.000000,3,00:27:28.000000,1
17,COMMERCIAL-TO-ANOTHER COMMERCIAL,00:27:58.000000,transition_superbowl_2024.xlsx,C:\Users\bbfor\OneDrive\code\detect_commercials\input_excel_files\,c_audio_superbowl_2024.txt,C:\Users\bbfor\OneDrive\code\detect_commercials\input_files\,2024-03-12 08:00:00.000000,3,,
18,COMMERCIAL-TO-ANOTHER COMMERCIAL,00:28:28.000000,transition_superbowl_2024.xlsx,C:\Users\bbfor\OneDrive\code\detect_commercials\input_excel_files\,c_audio_superbowl_2024.txt,C:\Users\bbfor\OneDrive\code\detect_commercials\input_files\,2024-03-12 08:00:00.000000,3,,
19,COMMERCIAL-TO-ANOTHER COMMERCIAL,00:28:57.000000,transition_superbowl_2024.xlsx,C:\Users\bbfor\OneDrive\code\detect_commercials\input_excel_files\,c_audio_superbowl_2024.txt,C:\Users\bbfor\OneDrive\code\detect_commercials\input_files\,2024-03-12 08:00:00.000000,3,,
20,COMMERCIAL-TO-ANOTHER COMMERCIAL,00:29:28.000000,transition_superbowl_2024.xlsx,C:\Users\bbfor\OneDrive\code\detect_commercials\input_excel_files\,c_audio_superbowl_2024.txt,C:\Users\bbfor\OneDrive\code\detect_commercials\input_files\,2024-03-12 08:00:00.000000,3,,
21,COMMERCIAL-TO-ANOTHER COMMERCIAL,00:30:01.000000,transition_superbowl_2024.xlsx,C:\Users\bbfor\OneDrive\code\detect_commercials\input_excel_files\,c_audio_superbowl_2024.txt,C:\Users\bbfor\OneDrive\code\detect_commercials\input_files\,2024-03-12 08:00:00.000000,3,,
22,COMMERCIAL-TO-SPORTS_BROADCASTING,00:30:13.000000,transition_superbowl_2024.xlsx,C:\Users\bbfor\OneDrive\code\detect_commercials\input_excel_files\,c_audio_superbowl_2024.txt,C:\Users\bbfor\OneDrive\code\detect_commercials\input_files\,2024-03-12 08:00:00.000000,3,00:30:13.000000,1
23,SPORTS_BROADCASTING-TO-COMMERCIAL,00:33:22.000000,transition_superbowl_2024.xlsx,C:\Users\bbfor\OneDrive\code\detect_commercials\input_excel_files\,c_audio_superbowl_2024.txt,C:\Users\bbfor\OneDrive\code\detect_commercials\input_files\,2024-03-12 08:00:00.000000,3,00:33:22.000000,2
24,COMMERCIAL-TO-ANOTHER COMMERCIAL,00:33:52.000000,transition_superbowl_2024.xlsx,C:\Users\bbfor\OneDrive\code\detect_commercials\input_excel_files\,c_audio_superbowl_2024.txt,C:\Users\bbfor\OneDrive\code\detect_commercials\input_files\,2024-03-12 08:00:00.000000,3,,
25,COMMERCIAL-TO-ANOTHER COMMERCIAL,00:34:52.000000,transition_superbowl_2024.xlsx,C:\Users\bbfor\OneDrive\code\detect_commercials\input_excel_files\,c_audio_superbowl_2024.txt,C:\Users\bbfor\OneDrive\code\detect_commercials\input_files\,2024-03-12 08:00:00.000000,3,,
26,COMMERCIAL-TO-ANOTHER COMMERCIAL,00:35:22.000000,transition_superbowl_2024.xlsx,C:\Users\bbfor\OneDrive\code\detect_commercials\input_excel_files\,c_audio_superbowl_2024.txt,C:\Users\bbfor\OneDrive\code\detect_commercials\input_files\,2024-03-12 08:00:00.000000,3,,
27,COMMERCIAL-TO-SPORTS_BROADCASTING,00:35:54.000000,transition_superbowl_2024.xlsx,C:\Users\bbfor\OneDrive\code\detect_commercials\input_excel_files\,c_audio_superbowl_2024.txt,C:\Users\bbfor\OneDrive\code\detect_commercials\input_files\,2024-03-12 08:00:00.000000,3,00:35:54.000000,4
28,SPORTS_BROADCASTING-TO-COMMERCIAL,00:43:10.000000,transition_superbowl_2024.xlsx,C:\Users\bbfor\OneDrive\code\detect_commercials\input_excel_files\,c_audio_superbowl_2024.txt,C:\Users\bbfor\OneDrive\code\detect_commercials\input_files\,2024-03-12 08:00:00.000000,3,00:43:10.000000,2
29,COMMERCIAL-TO-ANOTHER COMMERCIAL,00:43:40.000000,transition_superbowl_2024.xlsx,C:\Users\bbfor\OneDrive\code\detect_commercials\input_excel_files\,c_audio_superbowl_2024.txt,C:\Users\bbfor\OneDrive\code\detect_commercials\input_files\,2024-03-12 08:00:00.000000,3,,
30,COMMERCIAL-TO-ANOTHER COMMERCIAL,00:44:40.000000,transition_superbowl_2024.xlsx,C:\Users\bbfor\OneDrive\code\detect_commercials\input_excel_files\,c_audio_superbowl_2024.txt,C:\Users\bbfor\OneDrive\code\detect_commercials\input_files\,2024-03-12 08:00:00.000000,3,,
31,COMMERCIAL-TO-SPORTS_BROADCASTING,00:45:41.000000,transition_superbowl_2024.xlsx,C:\Users\bbfor\OneDrive\code\detect_commercials\input_excel_files\,c_audio_superbowl_2024.txt,C:\Users\bbfor\OneDrive\code\detect_commercials\input_files\,2024-03-12 08:00:00.000000,3,00:45:41.000000,5
32,SPORTS_BROADCASTING-TO-COMMERCIAL,00:47:37.000000,transition_superbowl_2024.xlsx,C:\Users\bbfor\OneDrive\code\detect_commercials\input_excel_files\,c_audio_superbowl_2024.txt,C:\Users\bbfor\OneDrive\code\detect_commercials\input_files\,2024-03-12 08:00:00.000000,3,00:47:37.000000,3
33,COMMERCIAL-TO-ANOTHER COMMERCIAL,00:48:07.000000,transition_superbowl_2024.xlsx,C:\Users\bbfor\OneDrive\code\detect_commercials\input_excel_files\,c_audio_superbowl_2024.txt,C:\Users\bbfor\OneDrive\code\detect_commercials\input_files\,2024-03-12 08:00:00.000000,3,,
34,COMMERCIAL-TO-ANOTHER COMMERCIAL,00:48:37.000000,transition_superbowl_2024.xlsx,C:\Users\bbfor\OneDrive\code\detect_commercials\input_excel_files\,c_audio_superbowl_2024.txt,C:\Users\bbfor\OneDrive\code\detect_commercials\input_files\,2024-03-12 08:00:00.000000,3,,
35,COMMERCIAL-TO-ANOTHER COMMERCIAL,00:49:07.000000,transition_superbowl_2024.xlsx,C:\Users\bbfor\OneDrive\code\detect_commercials\input_excel_files\,c_audio_superbowl_2024.txt,C:\Users\bbfor\OneDrive\code\detect_commercials\input_files\,2024-03-12 08:00:00.000000,3,,
36,COMMERCIAL-TO-SPORTS_BROADCASTING,00:50:10.000000,transition_superbowl_2024.xlsx,C:\Users\bbfor\OneDrive\code\detect_commercials\input_excel_files\,c_audio_superbowl_2024.txt,C:\Users\bbfor\OneDrive\code\detect_commercials\input_files\,2024-03-12 08:00:00.000000,3,00:50:10.000000,9
37,SPORTS_BROADCASTING-TO-COMMERCIAL,00:54:31.000000,transition_superbowl_2024.xlsx,C:\Users\bbfor\OneDrive\code\detect_commercials\input_excel_files\,c_audio_superbowl_2024.txt,C:\Users\bbfor\OneDrive\code\detect_commercials\input_files\,2024-03-12 08:00:00.000000,3,00:54:31.000000,1
38,COMMERCIAL-TO-ANOTHER COMMERCIAL,00:55:31.000000,transition_superbowl_2024.xlsx,C:\Users\bbfor\OneDrive\code\detect_commercials\input_excel_files\,c_audio_superbowl_2024.txt,C:\Users\bbfor\OneDrive\code\detect_commercials\input_files\,2024-03-12 08:00:00.000000,3,,
39,COMMERCIAL-TO-ANOTHER COMMERCIAL,00:56:01.000000,transition_superbowl_2024.xlsx,C:\Users\bbfor\OneDrive\code\detect_commercials\input_excel_files\,c_audio_superbowl_2024.txt,C:\Users\bbfor\OneDrive\code\detect_commercials\input_files\,2024-03-12 08:00:00.000000,3,,
40,COMMERCIAL-TO-ANOTHER COMMERCIAL,00:56:14.000000,transition_superbowl_2024.xlsx,C:\Users\bbfor\OneDrive\code\detect_commercials\input_excel_files\,c_audio_superbowl_2024.txt,C:\Users\bbfor\OneDrive\code\detect_commercials\input_files\,2024-03-12 08:00:00.000000,3,,
41,COMMERCIAL-TO-SPORTS_BROADCASTING,00:56:46.000000,transition_superbowl_2024.xlsx,C:\Users\bbfor\OneDrive\code\detect_commercials\input_excel_files\,c_audio_superbowl_2024.txt,C:\Users\bbfor\OneDrive\code\detect_commercials\input_files\,2024-03-12 08:00:00.000000,3,00:56:46.000000,1
42,SPORTS_BROADCASTING-TO-COMMERCIAL,01:01:24.000000,transition_superbowl_2024.xlsx,C:\Users\bbfor\OneDrive\code\detect_commercials\input_excel_files\,c_audio_superbowl_2024.txt,C:\Users\bbfor\OneDrive\code\detect_commercials\input_files\,2024-03-12 08:00:00.000000,3,01:01:24.000000,4
43,COMMERCIAL-TO-ANOTHER COMMERCIAL,01:01:53.000000,transition_superbowl_2024.xlsx,C:\Users\bbfor\OneDrive\code\detect_commercials\input_excel_files\,c_audio_superbowl_2024.txt,C:\Users\bbfor\OneDrive\code\detect_commercials\input_files\,2024-03-12 08:00:00.000000,3,,
44,COMMERCIAL-TO-ANOTHER COMMERCIAL,01:02:24.000000,transition_superbowl_2024.xlsx,C:\Users\bbfor\OneDrive\code\detect_commercials\input_excel_files\,c_audio_superbowl_2024.txt,C:\Users\bbfor\OneDrive\code\detect_commercials\input_files\,2024-03-12 08:00:00.000000,3,,
45,COMMERCIAL-TO-ANOTHER COMMERCIAL,01:02:54.000000,transition_superbowl_2024.xlsx,C:\Users\bbfor\OneDrive\code\detect_commercials\input_excel_files\,c_audio_superbowl_2024.txt,C:\Users\bbfor\OneDrive\code\detect_commercials\input_files\,2024-03-12 08:00:00.000000,3,,
46,COMMERCIAL-TO-ANOTHER COMMERCIAL,01:03:24.000000,transition_superbowl_2024.xlsx,C:\Users\bbfor\OneDrive\code\detect_commercials\input_excel_files\,c_audio_superbowl_2024.txt,C:\Users\bbfor\OneDrive\code\detect_commercials\input_files\,2024-03-12 08:00:00.000000,3,,
47,COMMERCIAL-TO-SPORTS_BROADCASTING,01:03:56.000000,transition_superbowl_2024.xlsx,C:\Users\bbfor\OneDrive\code\detect_commercials\input_excel_files\,c_audio_superbowl_2024.txt,C:\Users\bbfor\OneDrive\code\detect_commercials\input_files\,2024-03-12 08:00:00.000000,3,01:03:56.000000,1
48,SPORTS_BROADCASTING-TO-COMMERCIAL,01:09:01.000000,transition_superbowl_2024.xlsx,C:\Users\bbfor\OneDrive\code\detect_commercials\input_excel_files\,c_audio_superbowl_2024.txt,C:\Users\bbfor\OneDrive\code\detect_commercials\input_files\,2024-03-12 08:00:00.000000,3,01:09:01.000000,1
49,COMMERCIAL-TO-ANOTHER COMMERCIAL,01:09:31.000000,transition_superbowl_2024.xlsx,C:\Users\bbfor\OneDrive\code\detect_commercials\input_excel_files\,c_audio_superbowl_2024.txt,C:\Users\bbfor\OneDrive\code\detect_commercials\input_files\,2024-03-12 08:00:00.000000,3,,
50,COMMERCIAL-TO-ANOTHER COMMERCIAL,01:10:01.000000,transition_superbowl_2024.xlsx,C:\Users\bbfor\OneDrive\code\detect_commercials\input_excel_files\,c_audio_superbowl_2024.txt,C:\Users\bbfor\OneDrive\code\detect_commercials\input_files\,2024-03-12 08:00:00.000000,3,,
51,COMMERCIAL-TO-ANOTHER COMMERCIAL,01:10:31.000000,transition_superbowl_2024.xlsx,C:\Users\bbfor\OneDrive\code\detect_commercials\input_excel_files\,c_audio_superbowl_2024.txt,C:\Users\bbfor\OneDrive\code\detect_commercials\input_files\,2024-03-12 08:00:00.000000,3,,
52,COMMERCIAL-TO-ANOTHER COMMERCIAL,01:11:00.000000,transition_superbowl_2024.xlsx,C:\Users\bbfor\OneDrive\code\detect_commercials\input_excel_files\,c_audio_superbowl_2024.txt,C:\Users\bbfor\OneDrive\code\detect_commercials\input_files\,2024-03-12 08:00:00.000000,3,,
53,COMMERCIAL-TO-ANOTHER COMMERCIAL,01:11:17.000000,transition_superbowl_2024.xlsx,C:\Users\bbfor\OneDrive\code\detect_commercials\input_excel_files\,c_audio_superbowl_2024.txt,C:\Users\bbfor\OneDrive\code\detect_commercials\input_files\,2024-03-12 08:00:00.000000,3,,
54,COMMERCIAL-TO-SPORTS_BROADCASTING,01:11:29.000000,transition_superbowl_2024.xlsx,C:\Users\bbfor\OneDrive\code\detect_commercials\input_excel_files\,c_audio_superbowl_2024.txt,C:\Users\bbfor\OneDrive\code\detect_commercials\input_files\,2024-03-12 08:00:00.000000,3,01:11:29.000000,14
55,SPORTS_BROADCASTING-TO-COMMERCIAL,01:18:58.000000,transition_superbowl_2024.xlsx,C:\Users\bbfor\OneDrive\code\detect_commercials\input_excel_files\,c_audio_superbowl_2024.txt,C:\Users\bbfor\OneDrive\code\detect_commercials\input_files\,2024-03-12 08:00:00.000000,3,01:18:58.000000,4
56,COMMERCIAL-TO-ANOTHER COMMERCIAL,01:18:58.000000,transition_superbowl_2024.xlsx,C:\Users\bbfor\OneDrive\code\detect_commercials\input_excel_files\,c_audio_superbowl_2024.txt,C:\Users\bbfor\OneDrive\code\detect_commercials\input_files\,2024-03-12 08:00:00.000000,3,,
57,COMMERCIAL-TO-ANOTHER COMMERCIAL,01:19:58.000000,transition_superbowl_2024.xlsx,C:\Users\bbfor\OneDrive\code\detect_commercials\input_excel_files\,c_audio_superbowl_2024.txt,C:\Users\bbfor\OneDrive\code\detect_commercials\input_files\,2024-03-12 08:00:00.000000,3,,
58,COMMERCIAL-TO-ANOTHER COMMERCIAL,01:20:14.000000,transition_superbowl_2024.xlsx,C:\Users\bbfor\OneDrive\code\detect_commercials\input_excel_files\,c_audio_superbowl_2024.txt,C:\Users\bbfor\OneDrive\code\detect_commercials\input_files\,2024-03-12 08:00:00.000000,3,,
59,COMMERCIAL-TO-ANOTHER COMMERCIAL,01:20:45.000000,transition_superbowl_2024.xlsx,C:\Users\bbfor\OneDrive\code\detect_commercials\input_excel_files\,c_audio_superbowl_2024.txt,C:\Users\bbfor\OneDrive\code\detect_commercials\input_files\,2024-03-12 08:00:00.000000,3,,
60,COMMERCIAL-TO-ANOTHER COMMERCIAL,01:21:04.000000,transition_superbowl_2024.xlsx,C:\Users\bbfor\OneDrive\code\detect_commercials\input_excel_files\,c_audio_superbowl_2024.txt,C:\Users\bbfor\OneDrive\code\detect_commercials\input_files\,2024-03-12 08:00:00.000000,3,,
61,COMMERCIAL-TO-SPORTS_BROADCASTING,01:21:21.000000,transition_superbowl_2024.xlsx,C:\Users\bbfor\OneDrive\code\detect_commercials\input_excel_files\,c_audio_superbowl_2024.txt,C:\Users\bbfor\OneDrive\code\detect_commercials\input_files\,2024-03-12 08:00:00.000000,3,01:21:21.000000,2
62,SPORTS_BROADCASTING-TO-COMMERCIAL,01:25:06.000000,transition_superbowl_2024.xlsx,C:\Users\bbfor\OneDrive\code\detect_commercials\input_excel_files\,c_audio_superbowl_2024.txt,C:\Users\bbfor\OneDrive\code\detect_commercials\input_files\,2024-03-12 08:00:00.000000,3,01:25:06.000000,2
63,COMMERCIAL-TO-ANOTHER COMMERCIAL,01:25:52.000000,transition_superbowl_2024.xlsx,C:\Users\bbfor\OneDrive\code\detect_commercials\input_excel_files\,c_audio_superbowl_2024.txt,C:\Users\bbfor\OneDrive\code\detect_commercials\input_files\,2024-03-12 08:00:00.000000,3,,
64,COMMERCIAL-TO-ANOTHER COMMERCIAL,01:26:23.000000,transition_superbowl_2024.xlsx,C:\Users\bbfor\OneDrive\code\detect_commercials\input_excel_files\,c_audio_superbowl_2024.txt,C:\Users\bbfor\OneDrive\code\detect_commercials\input_files\,2024-03-12 08:00:00.000000,3,,
65,COMMERCIAL-TO-ANOTHER COMMERCIAL,01:27:23.000000,transition_superbowl_2024.xlsx,C:\Users\bbfor\OneDrive\code\detect_commercials\input_excel_files\,c_audio_superbowl_2024.txt,C:\Users\bbfor\OneDrive\code\detect_commercials\input_files\,2024-03-12 08:00:00.000000,3,,
66,COMMERCIAL-TO-SPORTS_BROADCASTING,01:27:35.000000,transition_superbowl_2024.xlsx,C:\Users\bbfor\OneDrive\code\detect_commercials\input_excel_files\,c_audio_superbowl_2024.txt,C:\Users\bbfor\OneDrive\code\detect_commercials\input_files\,2024-03-12 08:00:00.000000,3,01:27:35.000000,1
67,SPORTS_BROADCASTING-TO-COMMERCIAL,01:32:16.000000,transition_superbowl_2024.xlsx,C:\Users\bbfor\OneDrive\code\detect_commercials\input_excel_files\,c_audio_superbowl_2024.txt,C:\Users\bbfor\OneDrive\code\detect_commercials\input_files\,2024-03-12 08:00:00.000000,3,01:32:16.000000,1
68,COMMERCIAL-TO-ANOTHER COMMERCIAL,01:32:35.000000,transition_superbowl_2024.xlsx,C:\Users\bbfor\OneDrive\code\detect_commercials\input_excel_files\,c_audio_superbowl_2024.txt,C:\Users\bbfor\OneDrive\code\detect_commercials\input_files\,2024-03-12 08:00:00.000000,3,,
69,COMMERCIAL-TO-ANOTHER COMMERCIAL,01:33:04.000000,transition_superbowl_2024.xlsx,C:\Users\bbfor\OneDrive\code\detect_commercials\input_excel_files\,c_audio_superbowl_2024.txt,C:\Users\bbfor\OneDrive\code\detect_commercials\input_files\,2024-03-12 08:00:00.000000,3,,
70,COMMERCIAL-TO-SPORTS_BROADCASTING,01:34:06.000000,transition_superbowl_2024.xlsx,C:\Users\bbfor\OneDrive\code\detect_commercials\input_excel_files\,c_audio_superbowl_2024.txt,C:\Users\bbfor\OneDrive\code\detect_commercials\input_files\,2024-03-12 08:00:00.000000,3,01:34:06.000000,3
71,SPORTS_BROADCASTING-TO-COMMERCIAL,01:41:46.000000,transition_superbowl_2024.xlsx,C:\Users\bbfor\OneDrive\code\detect_commercials\input_excel_files\,c_audio_superbowl_2024.txt,C:\Users\bbfor\OneDrive\code\detect_commercials\input_files\,2024-03-12 08:00:00.000000,3,01:41:46.000000,1
72,COMMERCIAL-TO-ANOTHER COMMERCIAL,01:42:43.000000,transition_superbowl_2024.xlsx,C:\Users\bbfor\OneDrive\code\detect_commercials\input_excel_files\,c_audio_superbowl_2024.txt,C:\Users\bbfor\OneDrive\code\detect_commercials\input_files\,2024-03-12 08:00:00.000000,3,,
73,COMMERCIAL-TO-ANOTHER COMMERCIAL,01:43:13.000000,transition_superbowl_2024.xlsx,C:\Users\bbfor\OneDrive\code\detect_commercials\input_excel_files\,c_audio_superbowl_2024.txt,C:\Users\bbfor\OneDrive\code\detect_commercials\input_files\,2024-03-12 08:00:00.000000,3,,
74,COMMERCIAL-TO-ANOTHER COMMERCIAL,01:43:19.000000,transition_superbowl_2024.xlsx,C:\Users\bbfor\OneDrive\code\detect_commercials\input_excel_files\,c_audio_superbowl_2024.txt,C:\Users\bbfor\OneDrive\code\detect_commercials\input_files\,2024-03-12 08:00:00.000000,3,,
75,COMMERCIAL-TO-ANOTHER COMMERCIAL,01:43:50.000000,transition_superbowl_2024.xlsx,C:\Users\bbfor\OneDrive\code\detect_commercials\input_excel_files\,c_audio_superbowl_2024.txt,C:\Users\bbfor\OneDrive\code\detect_commercials\input_files\,2024-03-12 08:00:00.000000,3,,
76,COMMERCIAL-TO-SPORTS_BROADCASTING,01:44:15.000000,transition_superbowl_2024.xlsx,C:\Users\bbfor\OneDrive\code\detect_commercials\input_excel_files\,c_audio_superbowl_2024.txt,C:\Users\bbfor\OneDrive\code\detect_commercials\input_files\,2024-03-12 08:00:00.000000,3,01:44:15.000000,1
77,SPORTS_BROADCASTING-TO-COMMERCIAL,01:50:47.000000,transition_superbowl_2024.xlsx,C:\Users\bbfor\OneDrive\code\detect_commercials\input_excel_files\,c_audio_superbowl_2024.txt,C:\Users\bbfor\OneDrive\code\detect_commercials\input_files\,2024-03-12 08:00:00.000000,3,01:50:47.000000,4
78,COMMERCIAL-TO-ANOTHER COMMERCIAL,01:50:58.000000,transition_superbowl_2024.xlsx,C:\Users\bbfor\OneDrive\code\detect_commercials\input_excel_files\,c_audio_superbowl_2024.txt,C:\Users\bbfor\OneDrive\code\detect_commercials\input_files\,2024-03-12 08:00:00.000000,3,,
79,COMMERCIAL-TO-ANOTHER COMMERCIAL,01:51:28.000000,transition_superbowl_2024.xlsx,C:\Users\bbfor\OneDrive\code\detect_commercials\input_excel_files\,c_audio_superbowl_2024.txt,C:\Users\bbfor\OneDrive\code\detect_commercials\input_files\,2024-03-12 08:00:00.000000,3,,
80,COMMERCIAL-TO-ANOTHER COMMERCIAL,01:52:02.000000,transition_superbowl_2024.xlsx,C:\Users\bbfor\OneDrive\code\detect_commercials\input_excel_files\,c_audio_superbowl_2024.txt,C:\Users\bbfor\OneDrive\code\detect_commercials\input_files\,2024-03-12 08:00:00.000000,3,,
81,COMMERCIAL-TO-SPORTS_BROADCASTING,01:52:18.000000,transition_superbowl_2024.xlsx,C:\Users\bbfor\OneDrive\code\detect_commercials\input_excel_files\,c_audio_superbowl_2024.txt,C:\Users\bbfor\OneDrive\code\detect_commercials\input_files\,2024-03-12 08:00:00.000000,3,01:52:18.000000,1
82,SPORTS_BROADCASTING-TO-COMMERCIAL,02:05:31.000000,transition_superbowl_2024.xlsx,C:\Users\bbfor\OneDrive\code\detect_commercials\input_excel_files\,c_audio_superbowl_2024.txt,C:\Users\bbfor\OneDrive\code\detect_commercials\input_files\,2024-03-12 08:00:00.000000,3,02:05:31.000000,1
83,COMMERCIAL-TO-ANOTHER COMMERCIAL,02:05:45.000000,transition_superbowl_2024.xlsx,C:\Users\bbfor\OneDrive\code\detect_commercials\input_excel_files\,c_audio_superbowl_2024.txt,C:\Users\bbfor\OneDrive\code\detect_commercials\input_files\,2024-03-12 08:00:00.000000,3,,
84,COMMERCIAL-TO-SPORTS_BROADCASTING,02:07:48.000000,transition_superbowl_2024.xlsx,C:\Users\bbfor\OneDrive\code\detect_commercials\input_excel_files\,c_audio_superbowl_2024.txt,C:\Users\bbfor\OneDrive\code\detect_commercials\input_files\,2024-03-12 08:00:00.000000,3,02:07:48.000000,1
85,SPORTS_BROADCASTING-TO-COMMERCIAL,02:08:16.000000,transition_superbowl_2024.xlsx,C:\Users\bbfor\OneDrive\code\detect_commercials\input_excel_files\,c_audio_superbowl_2024.txt,C:\Users\bbfor\OneDrive\code\detect_commercials\input_files\,2024-03-12 08:00:00.000000,3,02:08:16.000000,3
86,COMMERCIAL-TO-ANOTHER COMMERCIAL,02:09:02.000000,transition_superbowl_2024.xlsx,C:\Users\bbfor\OneDrive\code\detect_commercials\input_excel_files\,c_audio_superbowl_2024.txt,C:\Users\bbfor\OneDrive\code\detect_commercials\input_files\,2024-03-12 08:00:00.000000,3,,
87,COMMERCIAL-TO-ANOTHER COMMERCIAL,02:09:46.000000,transition_superbowl_2024.xlsx,C:\Users\bbfor\OneDrive\code\detect_commercials\input_excel_files\,c_audio_superbowl_2024.txt,C:\Users\bbfor\OneDrive\code\detect_commercials\input_files\,2024-03-12 08:00:00.000000,3,,
88,COMMERCIAL-TO-ANOTHER COMMERCIAL,02:09:53.000000,transition_superbowl_2024.xlsx,C:\Users\bbfor\OneDrive\code\detect_commercials\input_excel_files\,c_audio_superbowl_2024.txt,C:\Users\bbfor\OneDrive\code\detect_commercials\input_files\,2024-03-12 08:00:00.000000,3,,
89,COMMERCIAL-TO-ANOTHER COMMERCIAL,02:10:22.000000,transition_superbowl_2024.xlsx,C:\Users\bbfor\OneDrive\code\detect_commercials\input_excel_files\,c_audio_superbowl_2024.txt,C:\Users\bbfor\OneDrive\code\detect_commercials\input_files\,2024-03-12 08:00:00.000000,3,,
90,COMMERCIAL-TO-ANOTHER COMMERCIAL,02:10:53.000000,transition_superbowl_2024.xlsx,C:\Users\bbfor\OneDrive\code\detect_commercials\input_excel_files\,c_audio_superbowl_2024.txt,C:\Users\bbfor\OneDrive\code\detect_commercials\input_files\,2024-03-12 08:00:00.000000,3,,
91,COMMERCIAL-TO-ANOTHER COMMERCIAL,02:11:23.000000,transition_superbowl_2024.xlsx,C:\Users\bbfor\OneDrive\code\detect_commercials\input_excel_files\,c_audio_superbowl_2024.txt,C:\Users\bbfor\OneDrive\code\detect_commercials\input_files\,2024-03-12 08:00:00.000000,3,,
92,COMMERCIAL-TO-ANOTHER COMMERCIAL,02:11:52.000000,transition_superbowl_2024.xlsx,C:\Users\bbfor\OneDrive\code\detect_commercials\input_excel_files\,c_audio_superbowl_2024.txt,C:\Users\bbfor\OneDrive\code\detect_commercials\input_files\,2024-03-12 08:00:00.000000,3,,
93,COMMERCIAL-TO-ANOTHER COMMERCIAL,02:11:58.000000,transition_superbowl_2024.xlsx,C:\Users\bbfor\OneDrive\code\detect_commercials\input_excel_files\,c_audio_superbowl_2024.txt,C:\Users\bbfor\OneDrive\code\detect_commercials\input_files\,2024-03-12 08:00:00.000000,3,,
94,COMMERCIAL-TO-SPORTS_BROADCASTING,02:12:10.000000,transition_superbowl_2024.xlsx,C:\Users\bbfor\OneDrive\code\detect_commercials\input_excel_files\,c_audio_superbowl_2024.txt,C:\Users\bbfor\OneDrive\code\detect_commercials\input_files\,2024-03-12 08:00:00.000000,3,02:12:10.000000,5
95,SPORTS_BROADCASTING-TO-COMMERCIAL,02:20:16.000000,transition_superbowl_2024.xlsx,C:\Users\bbfor\OneDrive\code\detect_commercials\input_excel_files\,c_audio_superbowl_2024.txt,C:\Users\bbfor\OneDrive\code\detect_commercials\input_files\,2024-03-12 08:00:00.000000,3,02:20:16.000000,1
96,COMMERCIAL-TO-ANOTHER COMMERCIAL,02:20:59.000000,transition_superbowl_2024.xlsx,C:\Users\bbfor\OneDrive\code\detect_commercials\input_excel_files\,c_audio_superbowl_2024.txt,C:\Users\bbfor\OneDrive\code\detect_commercials\input_files\,2024-03-12 08:00:00.000000,3,,
97,COMMERCIAL-TO-ANOTHER COMMERCIAL,02:21:59.000000,transition_superbowl_2024.xlsx,C:\Users\bbfor\OneDrive\code\detect_commercials\input_excel_files\,c_audio_superbowl_2024.txt,C:\Users\bbfor\OneDrive\code\detect_commercials\input_files\,2024-03-12 08:00:00.000000,3,,
98,COMMERCIAL-TO-SPORTS_BROADCASTING,02:22:17.000000,transition_superbowl_2024.xlsx,C:\Users\bbfor\OneDrive\code\detect_commercials\input_excel_files\,c_audio_superbowl_2024.txt,C:\Users\bbfor\OneDrive\code\detect_commercials\input_files\,2024-03-12 08:00:00.000000,3,02:22:17.000000,5
99,COMMERCIAL-TO-ANOTHER COMMERCIAL,02:26:47.000000,transition_superbowl_2024.xlsx,C:\Users\bbfor\OneDrive\code\detect_commercials\input_excel_files\,c_audio_superbowl_2024.txt,C:\Users\bbfor\OneDrive\code\detect_commercials\input_files\,2024-03-12 08:00:00.000000,3,,
100,COMMERCIAL-TO-ANOTHER COMMERCIAL,02:27:47.000000,transition_superbowl_2024.xlsx,C:\Users\bbfor\OneDrive\code\detect_commercials\input_excel_files\,c_audio_superbowl_2024.txt,C:\Users\bbfor\OneDrive\code\detect_commercials\input_files\,2024-03-12 08:00:00.000000,3,,
101,COMMERCIAL-TO-ANOTHER COMMERCIAL,02:28:17.000000,transition_superbowl_2024.xlsx,C:\Users\bbfor\OneDrive\code\detect_commercials\input_excel_files\,c_audio_superbowl_2024.txt,C:\Users\bbfor\OneDrive\code\detect_commercials\input_files\,2024-03-12 08:00:00.000000,3,,
102,COMMERCIAL-TO-SPORTS_BROADCASTING,02:29:31.000000,transition_superbowl_2024.xlsx,C:\Users\bbfor\OneDrive\code\detect_commercials\input_excel_files\,c_audio_superbowl_2024.txt,C:\Users\bbfor\OneDrive\code\detect_commercials\input_files\,2024-03-12 08:00:00.000000,3,02:29:31.000000,4
103,SPORTS_BROADCASTING-TO-COMMERCIAL,02:32:31.000000,transition_superbowl_2024.xlsx,C:\Users\bbfor\OneDrive\code\detect_commercials\input_excel_files\,c_audio_superbowl_2024.txt,C:\Users\bbfor\OneDrive\code\detect_commercials\input_files\,2024-03-12 08:00:00.000000,3,02:32:31.000000,1
104,COMMERCIAL-TO-ANOTHER COMMERCIAL,02:32:51.000000,transition_superbowl_2024.xlsx,C:\Users\bbfor\OneDrive\code\detect_commercials\input_excel_files\,c_audio_superbowl_2024.txt,C:\Users\bbfor\OneDrive\code\detect_commercials\input_files\,2024-03-12 08:00:00.000000,3,,
105,COMMERCIAL-TO-ANOTHER COMMERCIAL,02:33:21.000000,transition_superbowl_2024.xlsx,C:\Users\bbfor\OneDrive\code\detect_commercials\input_excel_files\,c_audio_superbowl_2024.txt,C:\Users\bbfor\OneDrive\code\detect_commercials\input_files\,2024-03-12 08:00:00.000000,3,,
106,COMMERCIAL-TO-ANOTHER COMMERCIAL,02:34:21.000000,transition_superbowl_2024.xlsx,C:\Users\bbfor\OneDrive\code\detect_commercials\input_excel_files\,c_audio_superbowl_2024.txt,C:\Users\bbfor\OneDrive\code\detect_commercials\input_files\,2024-03-12 08:00:00.000000,3,,
107,COMMERCIAL-TO-ANOTHER COMMERCIAL,02:34:37.000000,transition_superbowl_2024.xlsx,C:\Users\bbfor\OneDrive\code\detect_commercials\input_excel_files\,c_audio_superbowl_2024.txt,C:\Users\bbfor\OneDrive\code\detect_commercials\input_files\,2024-03-12 08:00:00.000000,3,,
108,COMMERCIAL-TO-SPORTS_BROADCASTING,02:35:01.000000,transition_superbowl_2024.xlsx,C:\Users\bbfor\OneDrive\code\detect_commercials\input_excel_files\,c_audio_superbowl_2024.txt,C:\Users\bbfor\OneDrive\code\detect_commercials\input_files\,2024-03-12 08:00:00.000000,3,02:35:01.000000,2
109,SPORTS_BROADCASTING-TO-COMMERCIAL,02:42:31.000000,transition_superbowl_2024.xlsx,C:\Users\bbfor\OneDrive\code\detect_commercials\input_excel_files\,c_audio_superbowl_2024.txt,C:\Users\bbfor\OneDrive\code\detect_commercials\input_files\,2024-03-12 08:00:00.000000,3,02:42:31.000000,1
110,COMMERCIAL-TO-ANOTHER COMMERCIAL,02:43:19.000000,transition_superbowl_2024.xlsx,C:\Users\bbfor\OneDrive\code\detect_commercials\input_excel_files\,c_audio_superbowl_2024.txt,C:\Users\bbfor\OneDrive\code\detect_commercials\input_files\,2024-03-12 08:00:00.000000,3,,
111,COMMERCIAL-TO-ANOTHER COMMERCIAL,02:43:50.000000,transition_superbowl_2024.xlsx,C:\Users\bbfor\OneDrive\code\detect_commercials\input_excel_files\,c_audio_superbowl_2024.txt,C:\Users\bbfor\OneDrive\code\detect_commercials\input_files\,2024-03-12 08:00:00.000000,3,,
112,COMMERCIAL-TO-ANOTHER COMMERCIAL,02:44:20.000000,transition_superbowl_2024.xlsx,C:\Users\bbfor\OneDrive\code\detect_commercials\input_excel_files\,c_audio_superbowl_2024.txt,C:\Users\bbfor\OneDrive\code\detect_commercials\input_files\,2024-03-12 08:00:00.000000,3,,
113,COMMERCIAL-TO-SPORTS_BROADCASTING,02:45:01.000000,transition_superbowl_2024.xlsx,C:\Users\bbfor\OneDrive\code\detect_commercials\input_excel_files\,c_audio_superbowl_2024.txt,C:\Users\bbfor\OneDrive\code\detect_commercials\input_files\,2024-03-12 08:00:00.000000,3,02:45:01.000000,1
114,SPORTS_BROADCASTING-TO-COMMERCIAL,02:56:00.000000,transition_superbowl_2024.xlsx,C:\Users\bbfor\OneDrive\code\detect_commercials\input_excel_files\,c_audio_superbowl_2024.txt,C:\Users\bbfor\OneDrive\code\detect_commercials\input_files\,2024-03-12 08:00:00.000000,3,02:56:00.000000,3
115,COMMERCIAL-TO-ANOTHER COMMERCIAL,02:56:30.000000,transition_superbowl_2024.xlsx,C:\Users\bbfor\OneDrive\code\detect_commercials\input_excel_files\,c_audio_superbowl_2024.txt,C:\Users\bbfor\OneDrive\code\detect_commercials\input_files\,2024-03-12 08:00:00.000000,3,,
116,COMMERCIAL-TO-SPORTS_BROADCASTING,02:57:03.000000,transition_superbowl_2024.xlsx,C:\Users\bbfor\OneDrive\code\detect_commercials\input_excel_files\,c_audio_superbowl_2024.txt,C:\Users\bbfor\OneDrive\code\detect_commercials\input_files\,2024-03-12 08:00:00.000000,3,02:57:03.000000,1
117,SPORTS_BROADCASTING-TO-COMMERCIAL,03:01:31.000000,transition_superbowl_2024.xlsx,C:\Users\bbfor\OneDrive\code\detect_commercials\input_excel_files\,c_audio_superbowl_2024.txt,C:\Users\bbfor\OneDrive\code\detect_commercials\input_files\,2024-03-12 08:00:00.000000,3,03:01:31.000000,1
118,COMMERCIAL-TO-ANOTHER COMMERCIAL,03:01:50.000000,transition_superbowl_2024.xlsx,C:\Users\bbfor\OneDrive\code\detect_commercials\input_excel_files\,c_audio_superbowl_2024.txt,C:\Users\bbfor\OneDrive\code\detect_commercials\input_files\,2024-03-12 08:00:00.000000,3,,
119,COMMERCIAL-TO-ANOTHER COMMERCIAL,03:01:57.000000,transition_superbowl_2024.xlsx,C:\Users\bbfor\OneDrive\code\detect_commercials\input_excel_files\,c_audio_superbowl_2024.txt,C:\Users\bbfor\OneDrive\code\detect_commercials\input_files\,2024-03-12 08:00:00.000000,3,,
120,COMMERCIAL-TO-ANOTHER COMMERCIAL,03:02:15.000000,transition_superbowl_2024.xlsx,C:\Users\bbfor\OneDrive\code\detect_commercials\input_excel_files\,c_audio_superbowl_2024.txt,C:\Users\bbfor\OneDrive\code\detect_commercials\input_files\,2024-03-12 08:00:00.000000,3,,
121,COMMERCIAL-TO-ANOTHER COMMERCIAL,03:02:26.000000,transition_superbowl_2024.xlsx,C:\Users\bbfor\OneDrive\code\detect_commercials\input_excel_files\,c_audio_superbowl_2024.txt,C:\Users\bbfor\OneDrive\code\detect_commercials\input_files\,2024-03-12 08:00:00.000000,3,,
122,COMMERCIAL-TO-ANOTHER COMMERCIAL,03:02:57.000000,transition_superbowl_2024.xlsx,C:\Users\bbfor\OneDrive\code\detect_commercials\input_excel_files\,c_audio_superbowl_2024.txt,C:\Users\bbfor\OneDrive\code\detect_commercials\input_files\,2024-03-12 08:00:00.000000,3,,
123,COMMERCIAL-TO-ANOTHER COMMERCIAL,03:03:27.000000,transition_superbowl_2024.xlsx,C:\Users\bbfor\OneDrive\code\detect_commercials\input_excel_files\,c_audio_superbowl_2024.txt,C:\Users\bbfor\OneDrive\code\detect_commercials\input_files\,2024-03-12 08:00:00.000000,3,,
124,COMMERCIAL-TO-ANOTHER COMMERCIAL,03:03:56.000000,transition_superbowl_2024.xlsx,C:\Users\bbfor\OneDrive\code\detect_commercials\input_excel_files\,c_audio_superbowl_2024.txt,C:\Users\bbfor\OneDrive\code\detect_commercials\input_files\,2024-03-12 08:00:00.000000,3,,
125,COMMERCIAL-TO-SPORTS_BROADCASTING,03:04:02.000000,transition_superbowl_2024.xlsx,C:\Users\bbfor\OneDrive\code\detect_commercials\input_excel_files\,c_audio_superbowl_2024.txt,C:\Users\bbfor\OneDrive\code\detect_commercials\input_files\,2024-03-12 08:00:00.000000,3,03:04:02.000000,4
126,SPORTS_BROADCASTING-TO-COMMERCIAL,03:10:19.000000,transition_superbowl_2024.xlsx,C:\Users\bbfor\OneDrive\code\detect_commercials\input_excel_files\,c_audio_superbowl_2024.txt,C:\Users\bbfor\OneDrive\code\detect_commercials\input_files\,2024-03-12 08:00:00.000000,3,03:10:19.000000,4
127,COMMERCIAL-TO-ANOTHER COMMERCIAL,03:11:19.000000,transition_superbowl_2024.xlsx,C:\Users\bbfor\OneDrive\code\detect_commercials\input_excel_files\,c_audio_superbowl_2024.txt,C:\Users\bbfor\OneDrive\code\detect_commercials\input_files\,2024-03-12 08:00:00.000000,3,,
128,COMMERCIAL-TO-SPORTS_BROADCASTING,03:12:21.000000,transition_superbowl_2024.xlsx,C:\Users\bbfor\OneDrive\code\detect_commercials\input_excel_files\,c_audio_superbowl_2024.txt,C:\Users\bbfor\OneDrive\code\detect_commercials\input_files\,2024-03-12 08:00:00.000000,3,03:12:21.000000,7
129,SPORTS_BROADCASTING-TO-COMMERCIAL,03:21:32.000000,transition_superbowl_2024.xlsx,C:\Users\bbfor\OneDrive\code\detect_commercials\input_excel_files\,c_audio_superbowl_2024.txt,C:\Users\bbfor\OneDrive\code\detect_commercials\input_files\,2024-03-12 08:00:00.000000,3,03:21:32.000000,4
130,COMMERCIAL-TO-ANOTHER COMMERCIAL,03:21:53.000000,transition_superbowl_2024.xlsx,C:\Users\bbfor\OneDrive\code\detect_commercials\input_excel_files\,c_audio_superbowl_2024.txt,C:\Users\bbfor\OneDrive\code\detect_commercials\input_files\,2024-03-12 08:00:00.000000,3,,
131,COMMERCIAL-TO-ANOTHER COMMERCIAL,03:22:23.000000,transition_superbowl_2024.xlsx,C:\Users\bbfor\OneDrive\code\detect_commercials\input_excel_files\,c_audio_superbowl_2024.txt,C:\Users\bbfor\OneDrive\code\detect_commercials\input_files\,2024-03-12 08:00:00.000000,3,,
132,COMMERCIAL-TO-ANOTHER COMMERCIAL,03:22:54.000000,transition_superbowl_2024.xlsx,C:\Users\bbfor\OneDrive\code\detect_commercials\input_excel_files\,c_audio_superbowl_2024.txt,C:\Users\bbfor\OneDrive\code\detect_commercials\input_files\,2024-03-12 08:00:00.000000,3,,
133,COMMERCIAL-TO-ANOTHER COMMERCIAL,03:23:24.000000,transition_superbowl_2024.xlsx,C:\Users\bbfor\OneDrive\code\detect_commercials\input_excel_files\,c_audio_superbowl_2024.txt,C:\Users\bbfor\OneDrive\code\detect_commercials\input_files\,2024-03-12 08:00:00.000000,3,,
134,COMMERCIAL-TO-SPORTS_BROADCASTING,03:24:01.000000,transition_superbowl_2024.xlsx,C:\Users\bbfor\OneDrive\code\detect_commercials\input_excel_files\,c_audio_superbowl_2024.txt,C:\Users\bbfor\OneDrive\code\detect_commercials\input_files\,2024-03-12 08:00:00.000000,3,03:24:01.000000,2
135,SPORTS_BROADCASTING-TO-COMMERCIAL,03:30:31.000000,transition_superbowl_2024.xlsx,C:\Users\bbfor\OneDrive\code\detect_commercials\input_excel_files\,c_audio_superbowl_2024.txt,C:\Users\bbfor\OneDrive\code\detect_commercials\input_files\,2024-03-12 08:00:00.000000,3,03:30:31.000000,2
136,COMMERCIAL-TO-ANOTHER COMMERCIAL,03:31:26.000000,transition_superbowl_2024.xlsx,C:\Users\bbfor\OneDrive\code\detect_commercials\input_excel_files\,c_audio_superbowl_2024.txt,C:\Users\bbfor\OneDrive\code\detect_commercials\input_files\,2024-03-12 08:00:00.000000,3,,
137,COMMERCIAL-TO-ANOTHER COMMERCIAL,03:31:56.000000,transition_superbowl_2024.xlsx,C:\Users\bbfor\OneDrive\code\detect_commercials\input_excel_files\,c_audio_superbowl_2024.txt,C:\Users\bbfor\OneDrive\code\detect_commercials\input_files\,2024-03-12 08:00:00.000000,3,,
138,COMMERCIAL-TO-SPORTS_BROADCASTING,03:32:31.000000,transition_superbowl_2024.xlsx,C:\Users\bbfor\OneDrive\code\detect_commercials\input_excel_files\,c_audio_superbowl_2024.txt,C:\Users\bbfor\OneDrive\code\detect_commercials\input_files\,2024-03-12 08:00:00.000000,3,03:32:31.000000,1
139,SPORTS_BROADCASTING-TO-COMMERCIAL,03:48:01.000000,transition_superbowl_2024.xlsx,C:\Users\bbfor\OneDrive\code\detect_commercials\input_excel_files\,c_audio_superbowl_2024.txt,C:\Users\bbfor\OneDrive\code\detect_commercials\input_files\,2024-03-12 08:00:00.000000,3,03:48:01.000000,1
140,COMMERCIAL-TO-ANOTHER COMMERCIAL,03:48:14.000000,transition_superbowl_2024.xlsx,C:\Users\bbfor\OneDrive\code\detect_commercials\input_excel_files\,c_audio_superbowl_2024.txt,C:\Users\bbfor\OneDrive\code\detect_commercials\input_files\,2024-03-12 08:00:00.000000,3,,
141,COMMERCIAL-TO-ANOTHER COMMERCIAL,03:48:44.000000,transition_superbowl_2024.xlsx,C:\Users\bbfor\OneDrive\code\detect_commercials\input_excel_files\,c_audio_superbowl_2024.txt,C:\Users\bbfor\OneDrive\code\detect_commercials\input_files\,2024-03-12 08:00:00.000000,3,,
142,COMMERCIAL-TO-SPORTS_BROADCASTING,03:49:16.000000,transition_superbowl_2024.xlsx,C:\Users\bbfor\OneDrive\code\detect_commercials\input_excel_files\,c_audio_superbowl_2024.txt,C:\Users\bbfor\OneDrive\code\detect_commercials\input_files\,2024-03-12 08:00:00.000000,3,03:49:16.000000,5
143,SPORTS_BROADCASTING-TO-COMMERCIAL,04:02:49.000000,transition_superbowl_2024.xlsx,C:\Users\bbfor\OneDrive\code\detect_commercials\input_excel_files\,c_audio_superbowl_2024.txt,C:\Users\bbfor\OneDrive\code\detect_commercials\input_files\,2024-03-12 08:00:00.000000,3,04:02:49.000000,2
144,COMMERCIAL-TO-ANOTHER COMMERCIAL,04:03:19.000000,transition_superbowl_2024.xlsx,C:\Users\bbfor\OneDrive\code\detect_commercials\input_excel_files\,c_audio_superbowl_2024.txt,C:\Users\bbfor\OneDrive\code\detect_commercials\input_files\,2024-03-12 08:00:00.000000,3,,
145,COMMERCIAL-TO-SPORTS_BROADCASTING,04:04:01.000000,transition_superbowl_2024.xlsx,C:\Users\bbfor\OneDrive\code\detect_commercials\input_excel_files\,c_audio_superbowl_2024.txt,C:\Users\bbfor\OneDrive\code\detect_commercials\input_files\,2024-03-12 08:00:00.000000,3,04:04:01.000000,1
